book	chapter	pdf_verse	digital_verse	class	pdf_words	digital_words
Génesis	5	29	29	near-miss (typo)	tabajo	trabajo
Génesis	10	25	25	near-miss (typo)	de	del
Génesis	11	6	6	near-miss (typo)	pensado	pensando
Génesis	31	37	37	near-miss (typo)	denlante	delante
Génesis	31	55	55	near-miss (typo)	volvioso	volviose
Génesis	34	10	10	near-miss (typo)	nostros	nosotros
Génesis	35	7	7	wording variant	el	al
Génesis	35	19	19	near-miss (typo)	del	de
Génesis	37	17	17	reorder/insert/delete		y
Génesis	48	17	17	near-miss (typo)	eprhaim	ephraim
Éxodo	20	21	21	near-miss (typo)	obscuridad	osbcuridad
Éxodo	21	2	2	wording variant	al	el
Éxodo	28	43	43	near-miss (typo)	de	del
Levítico	7	13	13	near-miss (typo)	hacimiento	hacimientos
Levítico	18	10	10	near-miss (typo)	descubiras	descubriras
Levítico	21	20	20	near-miss (typo)	corcobado	corcovado
Levítico	26	18	18	near-miss (typo)	estas	esas
Números	12	5	5	reorder/insert/delete	la	
Números	12	16	16	reorder/insert/delete	y despues movio el pueblo de haseroth y asentaron el campo en el desierto de paran	
Números	13		1	DIGITAL-ONLY		
Números	13	15	16	near-miss (typo)	gehuel	geuel
Números	13	32	33	reorder/insert/delete		tambien vimos alli gigantes hijos de anac raza de los gigantes y eramos nosotros a nuestro parecer como langostas y asi les pareciamos a ellos
Números	13	33		PDF-ONLY		
Números	16	25	25	reorder/insert/delete		a
Números	21	5	5	near-miss (typo)	hicisteis	hiciste
Números	21	16	16	wording variant	al	el
Números	29	40	40	reorder/insert/delete	y moises dijo a los hijos de israel conforme a todo lo que jehova le habia mandado	
Números	30		1	DIGITAL-ONLY		
Números	30	15	16	reorder/insert/delete		estas son las ordenanzas que jehova mando a moises entre el varon y su mujer entre el padre y su hija durante su mocedad en casa de su padre
Números	30	16		PDF-ONLY		
Números	31	37	37	near-miss (typo)	la	las
Números	32	16	16	near-miss (typo)	allegaron	llegaron
Deuteronomio	1	33	33	near-miss (typo)	aduvieseis	anduvieseis
Deuteronomio	20	15	15	near-miss (typo)	la	las
Deuteronomio	21	22	22	wording variant	de	en
Deuteronomio	22	25	25	wording variant	la	el
Deuteronomio	25	11	11	near-miss (typo)	hiere	hiriere
Deuteronomio	28	53	53	wording variant	al	el
Deuteronomio	28	61	61	near-miss (typo)	asismismo	asimismo
Deuteronomio	29	27	27	near-miss (typo)	tierrra	tierra
Josué	10	37	37	near-miss (typo)	su	sus
Josué	15	9	9	near-miss (typo)	las	la
Josué	15	24	24	reorder/insert/delete		y
Josué	16	6	6	wording variant	al	del
Josué	21	41	41	near-miss (typo)	las	la
Josué	21	45	45	near-miss (typo)	las	la
Josué	22	9	9	reorder/insert/delete		la
Josué	23	14	14	near-miss (typo)	las	la
Jueces	2	9	9	wording variant	el	al
Jueces	6	13	13	near-miss (typo)	manos	mano
Jueces	9	41	41	near-miss (typo)	abimilech	abimelech
Jueces	14	18	18	reorder/insert/delete	y el les respondio y el les respondio si no araseis con mi novilla nunca hubierais descubierto mi enigma	
Jueces	14	19	19	wording variant	espiritu de jehova cayo sobre el y descendio a ascalon e hirio treinta hombres de ellos y tomando sus despojos dio las mudas de vestidos a los que habian explicado el	les respondio si no araseis con mi novilla nunca hubierais descubierto mi
Jueces	14	19	19	reorder/insert/delete	y encendido en enojo fuese a casa de su padre	
Jueces	14	20	20	reorder/insert/delete		y el espiritu de jehova cayo sobre el y descendio a ascalon e hirio treinta hombres de ellos y tomando sus despojos dio las mudas de vestidos a los que habian explicado el enigma y encendido en enojo fuese a casa de su padre
Jueces	15	3	3	near-miss (typo)	repondio	respondio
Jueces	20	37	37	reorder/insert/delete		a
Rut	1	13	13	near-miss (typo)	habiais	habias
1 Samuel	4	5	5	near-miss (typo)	grande	gran
1 Samuel	6	4	4	near-miss (typo)	hermorroides	hemorroides
1 Samuel	7	2	2	near-miss (typo)	mucho	muchos
1 Samuel	7	14	14	near-miss (typo)	isrelitas	israelitas
1 Samuel	11	8	8	near-miss (typo)	contoles	contolos
1 Samuel	11	12	12	near-miss (typo)	los	lo
1 Samuel	15	3	3	near-miss (typo)	destuireis	destruireis
1 Samuel	18	7	7	near-miss (typo)	danzaban	danzaba
1 Samuel	20	7	7	near-miss (typo)	cosumada	consumada
1 Samuel	20	42	42	reorder/insert/delete		se
1 Samuel	23	1	1	near-miss (typo)	dicendo	diciendo
1 Samuel	23	14	14	near-miss (typo)	desieto	desierto
1 Samuel	23	29	29	reorder/insert/delete	entonces david subio de alli y habito en los parajes fuertes en engaddi	
1 Samuel	24		1	DIGITAL-ONLY		
1 Samuel	24	4	5	reorder/insert/delete		de
1 Samuel	24	21	22	reorder/insert/delete		entonces david juro a saul y fuese saul a su casa y david y los suyos se subieron al sitio fuerte
1 Samuel	24	22		PDF-ONLY		
1 Samuel	30	1	1	wording variant	el	al
2 Samuel	13	1	1	reorder/insert/delete	y	
2 Samuel	13	17	17	near-miss (typo)	dijole	dijo
2 Samuel	15	30	30	near-miss (typo)	subiola	subio la
2 Samuel	15	30	30	near-miss (typo)	subio la	subiola
2 Samuel	15	30	30	wording variant	subiola	subieron
2 Samuel	17	14	14	near-miss (typo)	frustara	frustrara
2 Samuel	17	16	16	near-miss (typo)	inmediatemente	inmediatamente
2 Samuel	19	9	9	near-miss (typo)	abaslom	absalom
2 Samuel	19	21	21	near-miss (typo)	responidio	respondio
2 Samuel	20	16	16	reorder/insert/delete		a
2 Samuel	20	25	25	reorder/insert/delete		e ira jaireo fue un jefe principal cerca de david
2 Samuel	20	26	26	reorder/insert/delete	e ira jaireo fue un jefe principal cerca de david	
2 Samuel	21	20	20	near-miss (typo)	lo	los
2 Samuel	24	3	3	wording variant	al	el
1 Reyes	7	2	2	wording variant	cinco	cien
1 Reyes	7	5	5	near-miss (typo)	la	las
1 Reyes	22	43	43	reorder/insert/delete	con todo eso los altos no fueron quitados que el pueblo sacrificaba aun y quemaba perfumes en los altos	
1 Reyes	22		44	DIGITAL-ONLY		
1 Reyes	22	52	53	reorder/insert/delete		porque sirvio a baal y lo adoro y provoco a ira a jehova dios de israel conforme a todas las cosas que su padre habia hecho
1 Reyes	22	53		PDF-ONLY		
2 Reyes	7	6	6	near-miss (typo)	heteos	hetheos
2 Reyes	9	26	26	near-miss (typo)	tomale	tomalo
2 Reyes	10	22	22	near-miss (typo)	los	lo
2 Reyes	18	2	2	near-miss (typo)	venticinco	veinticinco
2 Reyes	24	16	16	near-miss (typo)	hombres	hombre
2 Reyes	24	16	16	near-miss (typo)	herrreros	herreros
1 Crónicas	2	31	31	reorder/insert/delete	fue hijo	
1 Crónicas	5	18	18	wording variant	en	eran
1 Crónicas	5	19	19	reorder/insert/delete		con
1 Crónicas	6	35	35	reorder/insert/delete	de	
1 Crónicas	6	71	71	near-miss (typo)	astaroth	astharoth
1 Crónicas	7	20	20	near-miss (typo)	thahat	thahath
1 Crónicas	7	31	31	reorder/insert/delete		y
1 Crónicas	11	30	30	near-miss (typo)	nehtophathita	nethophathita
1 Crónicas	12	20	20	reorder/insert/delete		jediaiel
1 Crónicas	12	20	20	reorder/insert/delete	jediaiel	
1 Crónicas	15	6	6	near-miss (typo)	viente	veinte
1 Crónicas	15	8	8	near-miss (typo)	docientos	doscientos
1 Crónicas	15	10	10	near-miss (typo)	amidadab	aminadab
1 Crónicas	15	15	15	near-miss (typo)	levitos	levitas
1 Crónicas	17	10	10	near-miss (typo)	humilllare	humillare
1 Crónicas	21	17	17	near-miss (typo)	una	un
1 Crónicas	21	21	21	wording variant	el	al
1 Crónicas	21	30	30	reorder/insert/delete		mas david no pudo ir alla a consultar a dios porque estaba espantado a causa de la espada del angel de jehova
1 Crónicas	22	19	19	near-miss (typo)	los	lo
1 Crónicas	23	11	11	near-miss (typo)	jahat	jahath
1 Crónicas	27	10	10	near-miss (typo)	viente	veinte
2 Crónicas	7	5	5	reorder/insert/delete	y	
2 Crónicas	7	14	14	wording variant	mi	ni
2 Crónicas	16	13	13	reorder/insert/delete		en
2 Crónicas	19	6	6	near-miss (typo)	juzguais	juzgais
2 Crónicas	33	10	10	reorder/insert/delete		por lo cual jehova trajo contra ellos los generales del ejercito del rey de los asirios los cuales aprisionaron con grillos a manases y atado con cadenas llevaronlo a babilonia
2 Crónicas	33	11		PDF-ONLY		
2 Crónicas	33		25	DIGITAL-ONLY		
2 Crónicas	34	13	13	near-miss (typo)	esribas	escribas
Esdras	2	56	56	near-miss (typo)	lo	los
Esdras	7	26	26	near-miss (typo)	dasarraigo	desarraigo
Esdras	10	2	2	reorder/insert/delete		de
Esdras	10	14	14	near-miss (typo)	nuestro	nuestros
Esdras	10	21	21	near-miss (typo)	lo	los
Nehemías	6	8	8	near-miss (typo)	decirles	decirle
Nehemías	9	8	8	near-miss (typo)	amorreheo	amorrheo
Nehemías	9	9	9	near-miss (typo)	nuestos	nuestros
Nehemías	9	32	32	near-miss (typo)	alcanzando	alcanzado
Nehemías	12	27	27	wording variant	los	sus
Nehemías	12	44	44	near-miss (typo)	sobres	sobre
Nehemías	13	13	13	near-miss (typo)	eran	era
Nehemías	13	26	26	near-miss (typo)	extanjeras	extranjeras
Ester	1	10	10	near-miss (typo)	bighta	bigtha
Ester	1	13	13	near-miss (typo)	costubre	costumbre
Ester	1	22	22	near-miss (typo)	la	las
Ester	2	19	19	near-miss (typo)	el	del
Ester	8	11	11	near-miss (typo)	la	las
Ester	9	1	1	reorder/insert/delete	y	
Job	15	35	35	near-miss (typo)	entradas	entranas
Job	26	7	7	near-miss (typo)	alquilon	aquilon
Job	32	5	5	near-miss (typo)	aquelllos	aquellos
Job	32	6	6	near-miss (typo)	buzita	bucita
Job	35	15	15	reorder/insert/delete		por eso job abrio su boca vanamente y multiplica palabras sin sabiduria
Job	35	16	16	reorder/insert/delete	por eso job abrio su boca vanamente y multiplica palabras sin sabiduria	
Job	38	39	39	reorder/insert/delete	cazaras tu la presa para el leon y saciaras el hambre de los leoncillos	
Job	38	40	40	reorder/insert/delete	cuando estan echados en las cuevas o se estan en sus guaridas para acechar	
Job	38	41	41	reorder/insert/delete	quien preparo al cuervo su alimento cuando sus pollos claman a dios bullendo de un lado a otro por carecer de comida	
Job	39		1	DIGITAL-ONLY		
Job	39		2	DIGITAL-ONLY		
Job	39		3	DIGITAL-ONLY		
Job	39	27	30	reorder/insert/delete		ella habita y esta en la piedra en la cumbre del penasco y de la roca desde alli acecha la comida sus ojos observan de muy lejos sus pollos chupan la sangre y donde hubiere cadaveres alli esta a mas de eso respondio jehova a job y dijo es sabiduria contender con el omnipotente el que disputa con dios responda a esto y respondio job a jehova y dijo he aqui que yo soy vil que te respondere mi mano pongo sobre mi boca una vez hable y no respondere aun dos veces mas no tornare a hablar
Job	39	28		PDF-ONLY		
Job	39	29		PDF-ONLY		
Job	39	30		PDF-ONLY		
Job	40	1		PDF-ONLY		
Job	40	2		PDF-ONLY		
Job	40	3		PDF-ONLY		
Job	40	4		PDF-ONLY		
Job	40	5		PDF-ONLY		
Job	40		20	DIGITAL-ONLY		
Job	40		21	DIGITAL-ONLY		
Job	40		22	DIGITAL-ONLY		
Job	40		23	DIGITAL-ONLY		
Job	40		24	DIGITAL-ONLY		
Salmos	3	1	1	near-miss (typo)	adelante	delante
Salmos	30	1	1	reorder/insert/delete		salmo de david
Salmos	39	1	1	reorder/insert/delete		salmo de david
Salmos	43	5	5	near-miss (typo)	conturbes	conturbas
Salmos	54	1	1	near-miss (typo)	tierrra	tierra
Salmos	60	1	1	near-miss (typo)	salina	salinas
Salmos	62	1	1	near-miss (typo)	jeduthum	jeduthun
Salmos	66	19	19	near-miss (typo)	atendio	antendio
Salmos	69	12	12	wording variant	bebederos	bebedores
Salmos	73	10	10	near-miss (typo)	le	les
Salmos	74	8	8	wording variant	el	la
Salmos	94	6	6	near-miss (typo)	extranjero	extanjero
Salmos	107	12	12	wording variant	los	les
Salmos	119	8	8	reorder/insert/delete	beth	
Salmos	119	9	9	reorder/insert/delete		beth
Salmos	119	16	16	reorder/insert/delete	gimel	
Salmos	119	17	17	reorder/insert/delete		gimel
Salmos	119	24	24	reorder/insert/delete	daleth	
Salmos	119	25	25	reorder/insert/delete		daleth
Salmos	119	32	32	reorder/insert/delete	he	
Salmos	119	33	33	reorder/insert/delete		he
Salmos	119	40	40	reorder/insert/delete	vav	
Salmos	119	41	41	reorder/insert/delete		vau
Salmos	119	48	48	reorder/insert/delete	zayin	
Salmos	119	49	49	reorder/insert/delete		zain
Salmos	119	56	56	reorder/insert/delete	jet	
Salmos	119	57	57	reorder/insert/delete		cheth
Salmos	119	61	61	near-miss (typo)	compania	companias
Salmos	119	64	64	reorder/insert/delete	teth	
Salmos	119	65	65	reorder/insert/delete		teth
Salmos	119	72	72	reorder/insert/delete	yod	
Salmos	119	73	73	reorder/insert/delete		jod
Salmos	119	80	80	reorder/insert/delete	kaf	
Salmos	119	81	81	reorder/insert/delete		caph
Salmos	119	88	88	reorder/insert/delete	lamed	
Salmos	119	89	89	reorder/insert/delete		lamed
Salmos	119	89	89	near-miss (typo)	permenece	permanece
Salmos	119	96	96	reorder/insert/delete	mem	
Salmos	119	97	97	reorder/insert/delete		mem
Salmos	119	104	104	reorder/insert/delete	nun	
Salmos	119	105	105	reorder/insert/delete		nun
Salmos	119	112	112	reorder/insert/delete	samech	
Salmos	119	113	113	reorder/insert/delete		samech
Salmos	119	120	120	reorder/insert/delete	ain	
Salmos	119	121	121	reorder/insert/delete		ain
Salmos	119	128	128	reorder/insert/delete	pe	
Salmos	119	129	129	reorder/insert/delete		pe
Salmos	119	136	136	reorder/insert/delete	tzaddi	
Salmos	119	137	137	reorder/insert/delete		tzaddi
Salmos	119	144	144	reorder/insert/delete	coph	
Salmos	119	145	145	reorder/insert/delete		coph
Salmos	119	152	152	reorder/insert/delete	resh	
Salmos	119	153	153	reorder/insert/delete		resh
Salmos	119	160	160	reorder/insert/delete	sin	
Salmos	119	161	161	reorder/insert/delete		sin
Salmos	119	168	168	reorder/insert/delete	tau	
Salmos	119	169	169	reorder/insert/delete		tau
Salmos	144	7	7	reorder/insert/delete	de	
Proverbios	21	29	29	reorder/insert/delete		su
Proverbios	26	1	1	reorder/insert/delete	no	
Proverbios	26	24	24	wording variant	al	el
Eclesiastés	11	10	10	near-miss (typo)	vainidad	vanidad
Cantar de los Cantares	2	3	3	wording variant	en	a
Isaías	10	13	13	near-miss (typo)	saque	saquee
Isaías	14	3	3	near-miss (typo)	diera	diere
Isaías	17	1	1	near-miss (typo)	ruinas	ruina
Isaías	19	1	1	wording variant	dentro	en medio
Isaías	21	16	16	near-miss (typo)	desecha	deshecha
Isaías	23	1	1	wording variant	quitim	chittim
Isaías	31	8	8	near-miss (typo)	cuchillo	cuhillo
Isaías	33	8	8	near-miss (typo)	desechas	deshechas
Isaías	36	22	22	near-miss (typo)	mayordormo	mayordomo
Isaías	48	13	13	near-miss (typo)	cielo	cielos
Isaías	49	26	26	reorder/insert/delete		con
Isaías	56	6	6	near-miss (typo)	allegaren	llegaren
Isaías	58	14	14	near-miss (typo)	delelitaras	deleitaras
Jeremías	7	34	34	near-miss (typo)	las	la
Jeremías	9	11	11	near-miss (typo)	moradas	morada
Jeremías	15	8	8	reorder/insert/delete		me
Jeremías	20	16	16	wording variant	a	al
Jeremías	25	19	19	reorder/insert/delete	y	
Jeremías	28	14	14	wording variant	puso	puse
Jeremías	29	18	18	near-miss (typo)	las	la
Jeremías	31	28	28	near-miss (typo)	ciudado	cuidado
Jeremías	36	28	28	reorder/insert/delete	el	
Jeremías	40	8	8	near-miss (typo)	su	sus
Jeremías	44	2	2	reorder/insert/delete	y	
Jeremías	44	30	30	near-miss (typo)	faron	faraon
Jeremías	49	13	13	near-miss (typo)	su	sus
Jeremías	49	29	29	near-miss (typo)	su	sus
Jeremías	50	30	30	wording variant	es	en
Jeremías	52	25	25	wording variant	al	la
Lamentaciones	3	11	11	near-miss (typo)	despedazome	depedazome
Lamentaciones	4	18	18	near-miss (typo)	nuestro	nuestros
Lamentaciones	5	17	17	near-miss (typo)	nuestro	nuestros
Ezequiel	1	26	26	reorder/insert/delete	y	
Ezequiel	6	6	6	near-miss (typo)	desechas	deshechas
Ezequiel	8	4	4	reorder/insert/delete		que
Ezequiel	11	18	18	near-miss (typo)	su	sus
Ezequiel	18	14	14	near-miss (typo)	engrendrare	engendrare
Ezequiel	18	20	20	near-miss (typo)	el	del
Ezequiel	31	18	18	near-miss (typo)	derrribado	derribado
Ezequiel	38	1	1	wording variant	vino	y fue
Ezequiel	38	2	2	near-miss (typo)	de	del
Ezequiel	38	2	2	reorder/insert/delete	soberano	
Ezequiel	38	2	2	wording variant	mesec	la cabecera de mesech
Ezequiel	38	2	2	wording variant	contra	sobre
Ezequiel	38	3	3	reorder/insert/delete	jehova	
Ezequiel	38	3	3	reorder/insert/delete		jehova
Ezequiel	38	3	3	wording variant	estoy contra	a
Ezequiel	38	3	3	reorder/insert/delete	soberano	
Ezequiel	38	3	3	wording variant	mesec	la cabecera de mesech
Ezequiel	38	4	4	reorder/insert/delete		yo
Ezequiel	38	4	4	wording variant	garfios	anzuelos
Ezequiel	38	4	4	wording variant	jinetes	caballeros vestidos
Ezequiel	38	4	4	wording variant	en todo equipados gran	todos ellos grande
Ezequiel	38	5	5	reorder/insert/delete	cus	
Ezequiel	38	5	5	wording variant	fut	etiopia y libia
Ezequiel	38	5	5	near-miss (typo)	escudo	escudos
Ezequiel	38	5	5	wording variant	yelmo	almetes
Ezequiel	38	6	6	wording variant	tropas	companias
Ezequiel	38	6	6	wording variant	de	a
Ezequiel	38	6	6	wording variant	confines	lados
Ezequiel	38	6	6	wording variant	tropas	companias pueblos
Ezequiel	38	6	6	reorder/insert/delete	pueblos	
Ezequiel	38	7	7	wording variant	preparate	aparejate
Ezequiel	38	7	7	wording variant	se tu su	seles por
Ezequiel	38	8	8	reorder/insert/delete		tu
Ezequiel	38	8	8	wording variant	una desolacion	para asolamiento
Ezequiel	38	9	9	reorder/insert/delete		y
Ezequiel	38	9	9	reorder/insert/delete	y	
Ezequiel	38	9	9	wording variant	tropas	companias
Ezequiel	38	10	10	reorder/insert/delete	jehova	
Ezequiel	38	10	10	reorder/insert/delete		jehova y sera
Ezequiel	38	10	10	reorder/insert/delete		que
Ezequiel	38	11	11	reorder/insert/delete	una	
Ezequiel	38	11	11	wording variant	indefensa	de aldeas
Ezequiel	38	11	11	wording variant	contra	a
Ezequiel	38	11	11	wording variant	tranquilas	reposadas y
Ezequiel	38	11	11	near-miss (typo)	todas ellas	todos ellos
Ezequiel	38	11	11	reorder/insert/delete	y	
Ezequiel	38	12	12	wording variant	botin	presa
Ezequiel	38	12	12	wording variant	poner tus manos	tornar tu mano
Ezequiel	38	12	12	reorder/insert/delete	entre	
Ezequiel	38	12	12	wording variant	naciones	gentes
Ezequiel	38	12	12	near-miss (typo)	ganado	ganados
Ezequiel	38	12	12	wording variant	la parte central	el ombligo
Ezequiel	38	13	13	wording variant	saba	seba
Ezequiel	38	13	13	wording variant	principes	leoncillos
Ezequiel	38	13	13	wording variant	botin	presa
Ezequiel	38	14	14	near-miss (typo)	de	del
Ezequiel	38	14	14	reorder/insert/delete	jehova	
Ezequiel	38	14	14	reorder/insert/delete		jehova
Ezequiel	38	14	14	wording variant	habite con seguridad	habitara seguramente
Ezequiel	38	15	15	reorder/insert/delete		y
Ezequiel	38	15	15	wording variant	regiones	partes
Ezequiel	38	15	15	wording variant	gran multitud	grande reunion
Ezequiel	38	16	16	wording variant	naciones	gentes
Ezequiel	38	16	16	wording variant	sea	fuere
Ezequiel	38	17	17	reorder/insert/delete	jehova	
Ezequiel	38	17	17	reorder/insert/delete		jehova
Ezequiel	38	18	18	reorder/insert/delete		y sera
Ezequiel	38	18	18	wording variant	venga	vendra
Ezequiel	38	18	18	reorder/insert/delete	jehova	
Ezequiel	38	18	18	reorder/insert/delete		jehova que
Ezequiel	38	18	18	wording variant	y	en
Ezequiel	38	20	20	near-miss (typo)	del	de la
Ezequiel	38	20	20	reorder/insert/delete		y
Ezequiel	38	20	20	reorder/insert/delete		y
Ezequiel	38	20	20	wording variant	se arrastra	anda arrastrando
Ezequiel	38	20	20	wording variant	faz	haz
Ezequiel	38	20	20	wording variant	ante	a
Ezequiel	38	20	20	wording variant	desmoronaran	arruinaran
Ezequiel	38	21	21	reorder/insert/delete	la	
Ezequiel	38	21	21	reorder/insert/delete	jehova	
Ezequiel	38	21	21	reorder/insert/delete		jehova
Ezequiel	38	22	22	wording variant	contra	con
Ezequiel	38	22	22	reorder/insert/delete		y
Ezequiel	38	22	22	wording variant	tropas	companias
Ezequiel	38	23	23	wording variant	ante los	en
Ezequiel	38	23	23	wording variant	naciones	gentes
Ezequiel	39	1	1	near-miss (typo)	de	del
Ezequiel	39	1	1	reorder/insert/delete	jehova	
Ezequiel	39	1	1	reorder/insert/delete		jehova
Ezequiel	39	1	1	reorder/insert/delete	estoy	
Ezequiel	39	1	1	reorder/insert/delete	soberano	
Ezequiel	39	1	1	wording variant	mesec	la cabecera de mesech
Ezequiel	39	2	2	wording variant	conducire	sextare
Ezequiel	39	4	4	wording variant	tropas	companias
Ezequiel	39	4	4	reorder/insert/delete	aves de rapina de	
Ezequiel	39	4	4	wording variant	especie	ave y a toda cosa que vuela
Ezequiel	39	4	4	wording variant	fieras	bestias
Ezequiel	39	5	5	wording variant	faz	haz
Ezequiel	39	5	5	reorder/insert/delete	jehova	
Ezequiel	39	5	5	reorder/insert/delete		jehova
Ezequiel	39	6	6	wording variant	con seguridad	seguramente
Ezequiel	39	6	6	wording variant	costas	islas
Ezequiel	39	7	7	wording variant	profanar	amancillar
Ezequiel	39	7	7	wording variant	naciones	gentes
Ezequiel	39	8	8	wording variant	viene	vino
Ezequiel	39	8	8	wording variant	se cumplira	fue
Ezequiel	39	8	8	reorder/insert/delete	jehova	
Ezequiel	39	8	8	reorder/insert/delete		jehova
Ezequiel	39	9	9	reorder/insert/delete		y
Ezequiel	39	9	9	reorder/insert/delete		y
Ezequiel	39	9	9	wording variant	dardos	y bastones
Ezequiel	39	9	9	wording variant	los	las
Ezequiel	39	9	9	reorder/insert/delete	el	
Ezequiel	39	10	10	reorder/insert/delete		y
Ezequiel	39	10	10	reorder/insert/delete		que
Ezequiel	39	10	10	wording variant	les	los
Ezequiel	39	10	10	reorder/insert/delete	jehova	
Ezequiel	39	10	10	reorder/insert/delete		jehova
Ezequiel	39	11	11	reorder/insert/delete		y sera
Ezequiel	39	11	11	reorder/insert/delete		que
Ezequiel	39	11	11	near-miss (typo)	del	de la
Ezequiel	39	11	11	reorder/insert/delete	a	
Ezequiel	39	13	13	wording variant	los enterrara	enterrarlos ha
Ezequiel	39	13	13	reorder/insert/delete	en	
Ezequiel	39	13	13	wording variant	sea	fuere
Ezequiel	39	13	13	reorder/insert/delete	jehova	
Ezequiel	39	13	13	reorder/insert/delete		jehova
Ezequiel	39	14	14	wording variant	a	de
Ezequiel	39	14	14	wording variant	que	los cuales
Ezequiel	39	14	14	near-miss (typo)	viajen	viajaren
Ezequiel	39	14	14	wording variant	queden	quedaron
Ezequiel	39	14	14	wording variant	faz	haz
Ezequiel	39	15	15	wording variant	vea	viere
Ezequiel	39	15	15	wording variant	pondra	edificara
Ezequiel	39	15	15	wording variant	una senal	un mojon
Ezequiel	39	16	16	near-miss (typo)	hamona b	hamonah
Ezequiel	39	17	17	near-miss (typo)	de	del
Ezequiel	39	17	17	reorder/insert/delete	jehova	
Ezequiel	39	17	17	reorder/insert/delete		jehova
Ezequiel	39	17	17	wording variant	de toda especie	a todo volatil
Ezequiel	39	17	17	wording variant	fiera	bestia
Ezequiel	39	17	17	reorder/insert/delete		os
Ezequiel	39	17	17	reorder/insert/delete	para vosotros	
Ezequiel	39	18	18	near-miss (typo)	cabrios	de cabrio
Ezequiel	39	18	18	reorder/insert/delete	y	
Ezequiel	39	19	19	reorder/insert/delete		y
Ezequiel	39	19	19	wording variant	grosura	gordura
Ezequiel	39	19	19	wording variant	saciaros	hartaros
Ezequiel	39	19	19	reorder/insert/delete	de	
Ezequiel	39	19	19	wording variant	las victimas	mi sacrificio
Ezequiel	39	19	19	wording variant	para vosotros	yo os
Ezequiel	39	20	20	wording variant	saciareis	hartareis
Ezequiel	39	20	20	wording variant	jinetes	caballeros
Ezequiel	39	20	20	reorder/insert/delete	los	
Ezequiel	39	20	20	reorder/insert/delete	jehova	
Ezequiel	39	20	20	reorder/insert/delete		jehova
Ezequiel	39	21	21	wording variant	naciones	gentes
Ezequiel	39	21	21	wording variant	naciones	gentes
Ezequiel	39	23	23	wording variant	naciones	gentes
Ezequiel	39	23	23	wording variant	los entregue	entreguelos
Ezequiel	39	23	23	near-miss (typo)	manos	mano
Ezequiel	39	23	23	wording variant	espada	cuchillo
Ezequiel	39	25	25	reorder/insert/delete	jehova	
Ezequiel	39	25	25	reorder/insert/delete		jehova
Ezequiel	39	25	25	wording variant	me mostrare celoso	celare
Ezequiel	39	26	26	near-miss (typo)	habiten	habitaren
Ezequiel	39	26	26	wording variant	con seguridad	seguramente
Ezequiel	39	26	26	wording variant	haya	habra
Ezequiel	39	27	27	wording variant	saque	volvere
Ezequiel	39	27	27	reorder/insert/delete	entre	
Ezequiel	39	27	27	wording variant	reuna	juntare
Ezequiel	39	27	27	near-miss (typo)	la tierra	las tierras
Ezequiel	39	27	27	wording variant	sea	fuere
Ezequiel	39	27	27	wording variant	ante los	en
Ezequiel	39	27	27	wording variant	naciones	gentes
Ezequiel	39	28	28	wording variant	llevado al cautiverio entre	hecho pasar a
Ezequiel	39	28	28	wording variant	naciones	gentes
Ezequiel	39	28	28	wording variant	reuna	juntare
Ezequiel	39	28	28	wording variant	alli a	mas alla
Ezequiel	39	29	29	reorder/insert/delete	jehova	
Ezequiel	39	29	29	reorder/insert/delete		jehova
Ezequiel	40	1	1	reorder/insert/delete	dias	
Ezequiel	40	1	1	wording variant	conquistada	herida
Ezequiel	40	1	1	wording variant	vino	fue
Ezequiel	40	1	1	wording variant	me llevo	llevome
Ezequiel	40	2	2	wording variant	me puso	pusome
Ezequiel	40	2	2	wording variant	un	como
Ezequiel	40	2	2	wording variant	parecido a	de
Ezequiel	40	2	2	reorder/insert/delete	gran	
Ezequiel	40	2	2	wording variant	hacia la parte sur	al mediodia
Ezequiel	40	3	3	wording variant	me llevo	y llevome
Ezequiel	40	3	3	wording variant	bronce	metal
Ezequiel	40	4	4	wording variant	me hablo	hablome
Ezequiel	40	4	4	near-miss (typo)	de	del
Ezequiel	40	4	4	wording variant	has sido	eres
Ezequiel	40	5	5	reorder/insert/delete	menor	
Ezequiel	40	5	5	wording variant	el espesor	la anchura
Ezequiel	40	5	5	wording variant	muro	edificio
Ezequiel	40	6	6	wording variant	mira	daba cara
Ezequiel	40	6	6	reorder/insert/delete		el
Ezequiel	40	6	6	wording variant	de ancho	en anchura
Ezequiel	40	6	6	wording variant	de	en
Ezequiel	40	7	7	wording variant	de	en
Ezequiel	40	8	8	reorder/insert/delete		de
Ezequiel	40	9	9	reorder/insert/delete	el lado	
Ezequiel	40	9	9	near-miss (typo)	adentro	dentro
Ezequiel	40	10	10	wording variant	oriental	de hacia el oriente
Ezequiel	40	10	10	wording variant	a	de
Ezequiel	40	10	10	wording variant	lado las	parte todas
Ezequiel	40	10	10	wording variant	a	de
Ezequiel	40	10	10	wording variant	lado	parte
Ezequiel	40	11	11	reorder/insert/delete		y
Ezequiel	40	11	11	wording variant	el ancho	la anchura
Ezequiel	40	11	11	reorder/insert/delete	y	
Ezequiel	40	12	12	reorder/insert/delete		y
Ezequiel	40	12	12	reorder/insert/delete		de
Ezequiel	40	12	12	reorder/insert/delete	era	
Ezequiel	40	12	12	wording variant	a un lado	de la una parte
Ezequiel	40	12	12	wording variant	al otro lado	de la otra
Ezequiel	40	12	12	wording variant	por un lado	de una parte
Ezequiel	40	12	12	wording variant	por el otro	de otra
Ezequiel	40	13	13	reorder/insert/delete		y
Ezequiel	40	13	13	reorder/insert/delete		la
Ezequiel	40	13	13	wording variant	ancho	anchura
Ezequiel	40	14	14	wording variant	y midio	e hizo
Ezequiel	40	14	14	reorder/insert/delete		por
Ezequiel	40	14	14	wording variant	en derredor	alrededor
Ezequiel	40	15	15	wording variant	el frente	la delantera
Ezequiel	40	15	15	wording variant	el frente	la delantera
Ezequiel	40	15	15	wording variant	interior	de dentro
Ezequiel	40	16	16	reorder/insert/delete		de
Ezequiel	40	16	16	reorder/insert/delete		de
Ezequiel	40	16	16	near-miss (typo)	palmeras	palmas
Ezequiel	40	17	17	wording variant	me llevo	llevome
Ezequiel	40	17	17	wording variant	estaba enlosado todo	solado hecho al atrio
Ezequiel	40	18	18	reorder/insert/delete		y
Ezequiel	40	18	18	wording variant	enlosado a los lados	solado al lado
Ezequiel	40	18	18	wording variant	enlosado	solado
Ezequiel	40	19	19	wording variant	el frente	la delantera
Ezequiel	40	19	19	wording variant	el frente	la delantera
Ezequiel	40	19	19	reorder/insert/delete		de
Ezequiel	40	21	21	reorder/insert/delete		y
Ezequiel	40	21	21	wording variant	un lado	una parte
Ezequiel	40	21	21	wording variant	del otro	de otra
Ezequiel	40	21	21	wording variant	de	su
Ezequiel	40	21	21	wording variant	de ancho	su anchura
Ezequiel	40	22	22	near-miss (typo)	palmeras	palmas
Ezequiel	40	22	22	wording variant	se subia	subian
Ezequiel	40	23	23	reorder/insert/delete		y
Ezequiel	40	23	23	wording variant	hacia el	al
Ezequiel	40	24	24	wording variant	me llevo	llevome
Ezequiel	40	24	24	wording variant	sur	mediodia
Ezequiel	40	24	24	wording variant	sur	mediodia
Ezequiel	40	25	25	reorder/insert/delete	otras	
Ezequiel	40	25	25	wording variant	el ancho	la anchura
Ezequiel	40	26	26	reorder/insert/delete		y
Ezequiel	40	26	26	near-miss (typo)	palmeras	palmas
Ezequiel	40	26	26	wording variant	un lado	una parte
Ezequiel	40	26	26	wording variant	del otro lado	de la otra
Ezequiel	40	27	27	reorder/insert/delete		y
Ezequiel	40	27	27	reorder/insert/delete	tambien	
Ezequiel	40	27	27	reorder/insert/delete		de
Ezequiel	40	27	27	wording variant	sur	mediodia
Ezequiel	40	27	27	wording variant	sur	mediodia
Ezequiel	40	28	28	wording variant	me llevo	metiome
Ezequiel	40	28	28	wording variant	sur	mediodia
Ezequiel	40	28	28	wording variant	sur	mediodia
Ezequiel	40	29	29	reorder/insert/delete		y
Ezequiel	40	29	29	wording variant	el ancho	la anchura
Ezequiel	40	30	30	reorder/insert/delete		y
Ezequiel	40	31	31	near-miss (typo)	palmeras	palmas
Ezequiel	40	31	31	wording variant	peldanos	escalones
Ezequiel	40	32	32	wording variant	me llevo	llevome
Ezequiel	40	33	33	reorder/insert/delete		y
Ezequiel	40	34	34	near-miss (typo)	palmeras	palmas
Ezequiel	40	34	34	wording variant	un lado	una parte
Ezequiel	40	34	34	wording variant	de otro	otra
Ezequiel	40	34	34	wording variant	peldanos	escalones
Ezequiel	40	35	35	wording variant	me llevo	llevome
Ezequiel	40	36	36	reorder/insert/delete		y
Ezequiel	40	36	36	reorder/insert/delete		y
Ezequiel	40	37	37	reorder/insert/delete		y
Ezequiel	40	37	37	near-miss (typo)	afuera	fuera
Ezequiel	40	37	37	near-miss (typo)	palmeras	palmas
Ezequiel	40	37	37	wording variant	un lado	una parte
Ezequiel	40	37	37	wording variant	de otro	otra
Ezequiel	40	39	39	wording variant	a un lado	de la una parte
Ezequiel	40	39	39	wording variant	al otro	de la otra
Ezequiel	40	40	40	wording variant	a un	y al
Ezequiel	40	40	40	reorder/insert/delete		de
Ezequiel	40	41	41	wording variant	a un lado	de la una parte
Ezequiel	40	41	41	reorder/insert/delete		de la otra parte
Ezequiel	40	41	41	reorder/insert/delete	otro	
Ezequiel	40	41	41	wording variant	junto a	de
Ezequiel	40	41	41	reorder/insert/delete	las victimas	
Ezequiel	40	42	42	reorder/insert/delete		y
Ezequiel	40	42	42	near-miss (typo)	piedra labrada	piedras labradas
Ezequiel	40	42	42	reorder/insert/delete		altura de
Ezequiel	40	42	42	reorder/insert/delete	de altura	
Ezequiel	40	42	42	wording variant	los utensilios	las herramientas
Ezequiel	40	43	43	near-miss (typo)	adentro	dentro
Ezequiel	40	43	43	reorder/insert/delete	menor	
Ezequiel	40	43	43	wording variant	en derredor	por todo alrededor
Ezequiel	40	43	43	wording variant	las victimas	la ofrenda
Ezequiel	40	44	44	wording variant	sur	mediodia
Ezequiel	40	45	45	wording variant	me dijo	dijome
Ezequiel	40	45	45	wording variant	sur	mediodia
Ezequiel	40	45	45	wording variant	hacen	tienen
Ezequiel	40	45	45	near-miss (typo)	guardia	guarda
Ezequiel	40	46	46	wording variant	hacen	tienen
Ezequiel	40	46	46	near-miss (typo)	guardia	guarda
Ezequiel	40	46	46	reorder/insert/delete		al senor
Ezequiel	40	46	46	wording variant	ministrar a jehova	ministrarle
Ezequiel	40	47	47	reorder/insert/delete		la anchura de
Ezequiel	40	47	47	wording variant	de anchura era cuadrado	cuadrados
Ezequiel	40	48	48	wording variant	me llevo	llevome
Ezequiel	40	48	48	wording variant	un lado	una parte
Ezequiel	40	48	48	wording variant	otro	otra
Ezequiel	40	48	48	wording variant	un lado	una parte
Ezequiel	40	48	48	wording variant	otro	otra
Ezequiel	40	49	49	wording variant	el ancho	la anchura
Ezequiel	41	1	1	wording variant	me introdujo	metiome
Ezequiel	41	1	1	wording variant	un lado	una parte
Ezequiel	41	1	1	wording variant	otro	otra
Ezequiel	41	1	1	wording variant	el ancho	la anchura
Ezequiel	41	2	2	wording variant	el ancho	y la anchura
Ezequiel	41	2	2	wording variant	un lado	una parte
Ezequiel	41	2	2	wording variant	del otro	de otra
Ezequiel	41	4	4	wording variant	me dijo	dijome
Ezequiel	41	6	6	reorder/insert/delete		y
Ezequiel	41	6	6	wording variant	laterales estaban sobrepuestas unas a otras	eran camara sobre camara
Ezequiel	41	6	6	wording variant	en cada uno de los	y
Ezequiel	41	6	6	wording variant	pisos	por orden
Ezequiel	41	6	6	reorder/insert/delete	estribasen	
Ezequiel	41	6	6	wording variant	para que	estribasen y
Ezequiel	41	7	7	reorder/insert/delete		y vuelta
Ezequiel	41	7	7	wording variant	de	a lo
Ezequiel	41	7	7	wording variant	arriba la escalera de	alto el
Ezequiel	41	7	7	reorder/insert/delete		de
Ezequiel	41	7	7	reorder/insert/delete	del piso inferior se podia subir al de en medio	
Ezequiel	41	7	7	wording variant	este al superior	la camara baja se subia a la alta por la del medio
Ezequiel	41	8	8	reorder/insert/delete	de	
Ezequiel	41	8	8	wording variant	largos	de grandor
Ezequiel	41	9	9	wording variant	el ancho	y la anchura
Ezequiel	41	9	9	wording variant	igual al	y el
Ezequiel	41	9	9	reorder/insert/delete		de
Ezequiel	41	11	11	reorder/insert/delete		y
Ezequiel	41	11	11	wording variant	sur	mediodia
Ezequiel	41	11	11	wording variant	el ancho	la anchura
Ezequiel	41	12	12	wording variant	espacio abierto	apartamiento
Ezequiel	41	12	12	wording variant	del	de hacia el
Ezequiel	41	12	12	wording variant	grueso	anchura
Ezequiel	41	13	13	wording variant	luego	y
Ezequiel	41	13	13	wording variant	espacio abierto	apartamiento
Ezequiel	41	13	13	reorder/insert/delete		longitud de
Ezequiel	41	13	13	reorder/insert/delete	de longitud	
Ezequiel	41	14	14	wording variant	el ancho del frente	la anchura de la delantera
Ezequiel	41	14	14	wording variant	espacio abierto	apartamiento
Ezequiel	41	14	14	reorder/insert/delete	era	
Ezequiel	41	15	15	wording variant	espacio abierto	apartamiento
Ezequiel	41	15	15	wording variant	uno	una parte
Ezequiel	41	15	15	wording variant	otro lado	otra
Ezequiel	41	16	16	reorder/insert/delete	alrededor de los	
Ezequiel	41	16	16	wording variant	pisos estaba	en derredor a la parte delantera
Ezequiel	41	16	16	reorder/insert/delete		alrededor
Ezequiel	41	17	17	reorder/insert/delete	por	
Ezequiel	41	17	17	reorder/insert/delete		sobre
Ezequiel	41	17	17	near-miss (typo)	adentro	dentro
Ezequiel	41	17	17	reorder/insert/delete	afuera	
Ezequiel	41	17	17	wording variant	ella	fuera
Ezequiel	41	17	17	wording variant	por	de
Ezequiel	41	17	17	reorder/insert/delete		de
Ezequiel	41	18	18	near-miss (typo)	palmeras	palmas
Ezequiel	41	18	18	near-miss (typo)	palmera	palma
Ezequiel	41	19	19	wording variant	palmera del un lado	palma de la una parte
Ezequiel	41	19	19	reorder/insert/delete	un	
Ezequiel	41	19	19	wording variant	palmera del otro lado	palma de la otra parte
Ezequiel	41	20	20	reorder/insert/delete		labrados
Ezequiel	41	20	20	reorder/insert/delete	labrados	
Ezequiel	41	20	20	near-miss (typo)	palmeras	palmas y
Ezequiel	41	21	21	wording variant	el frente	la delantera
Ezequiel	41	21	21	wording variant	el otro frente	la otra delantera
Ezequiel	41	22	22	reorder/insert/delete		y
Ezequiel	41	22	22	wording variant	me dijo	dijome
Ezequiel	41	23	23	reorder/insert/delete		y
Ezequiel	41	23	23	wording variant	puertas	portadas
Ezequiel	41	24	24	wording variant	puerta	portada
Ezequiel	41	24	24	wording variant	hojas	puertas
Ezequiel	41	24	24	wording variant	hojas	puertas
Ezequiel	41	24	24	wording variant	giraban	se volvian
Ezequiel	41	24	24	wording variant	hojas	puertas
Ezequiel	41	24	24	reorder/insert/delete		la
Ezequiel	41	24	24	wording variant	puerta	portada
Ezequiel	41	25	25	reorder/insert/delete		y
Ezequiel	41	25	25	near-miss (typo)	palmeras	palmas
Ezequiel	41	25	25	wording variant	los que habia	estaban hechos
Ezequiel	41	25	25	wording variant	en	grueso madero sobre
Ezequiel	41	25	25	wording variant	fachada del atrio al exterior habia un portal	delantera
Ezequiel	41	25	25	wording variant	madera	la entrada por de fuera
Ezequiel	41	26	26	near-miss (typo)	palmeras	palmas
Ezequiel	41	26	26	wording variant	uno	una
Ezequiel	41	26	26	wording variant	otro lado a	otra parte por
Ezequiel	41	26	26	wording variant	del portico asi eran las camaras	de la entrada y
Ezequiel	41	26	26	wording variant	los umbrales	por las vigas
Ezequiel	42	1	1	wording variant	me trajo	sacome
Ezequiel	42	1	1	wording variant	exterior	de afuera
Ezequiel	42	1	1	wording variant	me llevo	llevome
Ezequiel	42	1	1	reorder/insert/delete	abierto	
Ezequiel	42	1	1	reorder/insert/delete		de
Ezequiel	42	2	2	wording variant	el ancho	la anchura
Ezequiel	42	3	3	wording variant	interior	de adentro
Ezequiel	42	3	3	wording variant	enlosado	solado
Ezequiel	42	3	3	wording variant	el	al
Ezequiel	42	4	4	wording variant	hacia	a la parte de
Ezequiel	42	4	4	wording variant	una via	viaje
Ezequiel	42	4	4	wording variant	daban al	hacia el
Ezequiel	42	6	6	wording variant	de en	del
Ezequiel	42	9	9	wording variant	exterior	de afuera
Ezequiel	42	10	10	wording variant	del espacio abierto	de la lonja
Ezequiel	42	11	11	wording variant	tanto	conforme a
Ezequiel	42	11	11	wording variant	como	asimismo
Ezequiel	42	11	11	wording variant	ancho eran lo mismo	anchura
Ezequiel	42	12	12	wording variant	asi tambien eran	y conforme a
Ezequiel	42	12	12	wording variant	sur habia	mediodia tenia
Ezequiel	42	12	12	wording variant	comienzo	principio
Ezequiel	42	12	12	wording variant	corredor que habia enfrente	camino del camino delante
Ezequiel	42	12	12	wording variant	al lado oriental para quien entraba en las camaras	hacia el oriente a los que entran
Ezequiel	42	13	13	wording variant	me dijo	dijome
Ezequiel	42	13	13	wording variant	sur	mediodia
Ezequiel	42	13	13	wording variant	del espacio abierto	de la lonja
Ezequiel	42	13	13	wording variant	la ofrenda	y el presente
Ezequiel	42	13	13	near-miss (typo)	sacrifico	sacrificio
Ezequiel	42	14	14	near-miss (typo)	entren	entraren
Ezequiel	42	14	14	wording variant	exterior	de afuera
Ezequiel	42	14	14	wording variant	vestiduras	vestimentas
Ezequiel	42	14	14	near-miss (typo)	ministran	ministraran
Ezequiel	42	14	14	near-miss (typo)	se vestiran	vestiranse
Ezequiel	42	14	14	wording variant	acercaran	allegaran
Ezequiel	42	15	15	wording variant	me saco	sacome
Ezequiel	42	15	15	wording variant	lo midio	midiolo
Ezequiel	42	16	16	wording variant	alrededor	en derredor
Ezequiel	42	18	18	wording variant	sur	mediodia
Ezequiel	42	20	20	wording variant	tenia un	tuvo el
Ezequiel	42	20	20	reorder/insert/delete	de	
Ezequiel	42	20	20	wording variant	ancho	anchura
Ezequiel	43	1	1	wording variant	me llevo	llevome
Ezequiel	43	2	2	wording variant	del	de hacia el
Ezequiel	43	3	3	wording variant	el aspecto de lo	la vision
Ezequiel	43	3	3	wording variant	una	la
Ezequiel	43	3	3	wording variant	quebar	de chebar
Ezequiel	43	3	3	wording variant	me postre	cai
Ezequiel	43	4	4	reorder/insert/delete		cara
Ezequiel	43	5	5	wording variant	me alzo	alzome
Ezequiel	43	5	5	wording variant	me llevo al	metiome en el
Ezequiel	43	5	5	wording variant	interior	de adentro
Ezequiel	43	5	5	wording variant	lleno	hinchio
Ezequiel	43	7	7	wording variant	me dijo	dijome
Ezequiel	43	7	7	near-miss (typo)	de	del
Ezequiel	43	7	7	wording variant	trono	asiento y
Ezequiel	43	7	7	wording variant	donde posare	de
Ezequiel	43	7	7	wording variant	profanara	contaminara
Ezequiel	43	7	7	wording variant	ni	y
Ezequiel	43	7	7	wording variant	lugares altos	altares
Ezequiel	43	8	8	wording variant	porque	y
Ezequiel	43	8	8	wording variant	contrafuerte	poste
Ezequiel	43	8	8	wording variant	contrafuerte mediando solo una	poste y no mas que
Ezequiel	43	8	8	wording variant	han contaminado	contaminaron
Ezequiel	43	8	8	reorder/insert/delete		consumilos
Ezequiel	43	8	8	reorder/insert/delete	los consumi	
Ezequiel	43	9	9	wording variant	arrojaran	echaran
Ezequiel	43	9	9	near-miss (typo)	sus fornicaciones	su fornicacion
Ezequiel	43	10	10	near-miss (typo)	de	del
Ezequiel	43	10	10	wording variant	el diseno	la traza
Ezequiel	43	11	11	wording variant	el diseno	la figura
Ezequiel	43	11	11	reorder/insert/delete		y
Ezequiel	43	11	11	wording variant	disposicion	traza y
Ezequiel	43	12	12	reorder/insert/delete	el recinto entero	
Ezequiel	43	12	12	wording variant	en derredor	su termino alrededor
Ezequiel	43	13	13	reorder/insert/delete		y
Ezequiel	43	13	13	wording variant	menor la base	el seno
Ezequiel	43	13	13	wording variant	zocalo	fondo alto
Ezequiel	43	14	14	wording variant	la base	el seno de
Ezequiel	43	14	14	wording variant	la cornisa	el lugar
Ezequiel	43	14	14	wording variant	la cornisa	el lugar
Ezequiel	43	14	14	wording variant	el ancho	la anchura
Ezequiel	43	15	15	reorder/insert/delete		y
Ezequiel	43	15	15	reorder/insert/delete	era	
Ezequiel	43	15	15	reorder/insert/delete	habia	
Ezequiel	43	17	17	reorder/insert/delete		y
Ezequiel	43	17	17	wording variant	descanso era	area
Ezequiel	43	17	17	wording variant	la base	el seno
Ezequiel	43	18	18	wording variant	me dijo	dijome
Ezequiel	43	18	18	near-miss (typo)	de	del
Ezequiel	43	18	18	reorder/insert/delete	jehova	
Ezequiel	43	18	18	reorder/insert/delete		jehova
Ezequiel	43	18	18	near-miss (typo)	sea	sera
Ezequiel	43	18	18	reorder/insert/delete	holocausto	
Ezequiel	43	18	18	reorder/insert/delete		holocausto
Ezequiel	43	19	19	reorder/insert/delete		daras
Ezequiel	43	19	19	wording variant	acerquen	allegan
Ezequiel	43	19	19	reorder/insert/delete	jehova	
Ezequiel	43	19	19	reorder/insert/delete		jehova
Ezequiel	43	19	19	wording variant	ministrar ante mi daras	ministrarme
Ezequiel	43	20	20	wording variant	descanso	area
Ezequiel	43	22	22	reorder/insert/delete		y
Ezequiel	43	22	22	reorder/insert/delete		de
Ezequiel	43	23	23	near-miss (typo)	acabes	acabares
Ezequiel	43	26	26	wording variant	haran expiacion por	expiaran
Ezequiel	43	26	26	wording variant	asi lo consagraran	ellos henchiran sus manos
Ezequiel	43	27	27	wording variant	del	al
Ezequiel	43	27	27	reorder/insert/delete		y
Ezequiel	43	27	27	reorder/insert/delete		sacrificaran
Ezequiel	43	27	27	reorder/insert/delete	sacrificaran	
Ezequiel	43	27	27	wording variant	vuestras ofrendas de paz	vuestros pacificos
Ezequiel	43	27	27	reorder/insert/delete	jehova	
Ezequiel	43	27	27	reorder/insert/delete		jehova
Ezequiel	44	1	1	wording variant	me hizo volver	y tornome
Ezequiel	44	1	1	wording variant	exterior	de afuera
Ezequiel	44	2	2	wording variant	me dijo	dijome
Ezequiel	44	2	2	wording variant	estara	ha de estar
Ezequiel	44	3	3	wording variant	en cuanto al	para el
Ezequiel	44	3	3	reorder/insert/delete	por ser	
Ezequiel	44	3	3	wording variant	alli	en ella
Ezequiel	44	3	3	wording variant	vestibulo	camino de la entrada
Ezequiel	44	3	3	wording variant	ese mismo	el
Ezequiel	44	3	3	reorder/insert/delete		de ella
Ezequiel	44	4	4	wording variant	me llevo	llevome
Ezequiel	44	4	4	wording variant	llenado	henchido
Ezequiel	44	4	4	wording variant	me postre	cai
Ezequiel	44	5	5	wording variant	me dijo	dijome
Ezequiel	44	5	5	near-miss (typo)	de	del
Ezequiel	44	5	5	wording variant	atencion	tu corazon
Ezequiel	44	5	5	wording variant	atencion	tu corazon
Ezequiel	44	6	6	reorder/insert/delete	jehova	
Ezequiel	44	6	6	wording variant	basta ya	jehova basteos
Ezequiel	44	7	7	wording variant	traer	haber vosotros traido
Ezequiel	44	7	7	reorder/insert/delete	y	
Ezequiel	44	7	7	wording variant	ofrecer	haber ofrecido
Ezequiel	44	7	7	near-miss (typo)	y de invalidar	e invalidaron
Ezequiel	44	7	7	wording variant	con	por
Ezequiel	44	8	8	wording variant	pues	y
Ezequiel	44	8	8	wording variant	habeis guardado lo establecido acerca	guardasteis el ordenamiento
Ezequiel	44	8	8	wording variant	cosas santas	santificaciones
Ezequiel	44	8	8	wording variant	habeis puesto extranjeros como	os pusisteis
Ezequiel	44	8	8	wording variant	las ordenanzas	mi ordenanza
Ezequiel	44	9	9	reorder/insert/delete	jehova	
Ezequiel	44	9	9	reorder/insert/delete		jehova
Ezequiel	44	10	10	reorder/insert/delete		lejos
Ezequiel	44	10	10	reorder/insert/delete		erro el cual
Ezequiel	44	10	10	wording variant	alejo	desvio
Ezequiel	44	10	10	wording variant	yendose tras	en pos de
Ezequiel	44	11	11	wording variant	serviran	seran ministros
Ezequiel	44	11	11	reorder/insert/delete	como	
Ezequiel	44	11	11	wording variant	para el	al
Ezequiel	44	11	11	reorder/insert/delete		ellos
Ezequiel	44	11	11	wording variant	ante el	delante de ellos
Ezequiel	44	11	11	near-miss (typo)	servirle	servirles
Ezequiel	44	12	12	wording variant	y jurado	acerca de ellos
Ezequiel	44	12	12	reorder/insert/delete	jehova	
Ezequiel	44	12	12	reorder/insert/delete		jehova
Ezequiel	44	12	12	reorder/insert/delete	ellos	
Ezequiel	44	13	13	wording variant	se acercaran	seran allegados
Ezequiel	44	13	13	wording variant	servirme como	serme
Ezequiel	44	13	13	wording variant	acercaran	llegaran
Ezequiel	44	13	13	wording variant	cosas santas	santificaciones
Ezequiel	44	13	13	wording variant	mis cosas santisimas	las santidades de santidades
Ezequiel	44	13	13	wording variant	las	sus
Ezequiel	44	14	14	wording variant	les pondre	pondrelos
Ezequiel	44	14	14	reorder/insert/delete	encargados	
Ezequiel	44	14	14	wording variant	custodia	guarda
Ezequiel	44	14	14	wording variant	para	en
Ezequiel	44	14	14	wording variant	el	su
Ezequiel	44	14	14	reorder/insert/delete	de ella	
Ezequiel	44	14	14	wording variant	para	en
Ezequiel	44	14	14	wording variant	haya	hubiere
Ezequiel	44	15	15	wording variant	del	de mi
Ezequiel	44	15	15	wording variant	apartaron	desviaron
Ezequiel	44	15	15	wording variant	se acercaran	seran allegados a mi
Ezequiel	44	15	15	wording variant	ministrar ante mi	ministrarme
Ezequiel	44	15	15	reorder/insert/delete	jehova	
Ezequiel	44	15	15	reorder/insert/delete		jehova
Ezequiel	44	16	16	wording variant	ellos	esos
Ezequiel	44	16	16	reorder/insert/delete		ellos
Ezequiel	44	16	16	wording variant	acercaran	allegaran
Ezequiel	44	16	16	wording variant	servirme	ministrarme
Ezequiel	44	16	16	wording variant	mis ordenanzas	mi ordenamiento
Ezequiel	44	17	17	reorder/insert/delete		sera que
Ezequiel	44	17	17	near-miss (typo)	entren	entraren
Ezequiel	44	17	17	wording variant	vestiduras	de vestimentas
Ezequiel	44	17	17	wording variant	llevaran	asentara
Ezequiel	44	17	17	reorder/insert/delete	cosa de	
Ezequiel	44	17	17	near-miss (typo)	ministren	ministraren
Ezequiel	44	17	17	reorder/insert/delete		de adentro y en el
Ezequiel	44	17	17	reorder/insert/delete	y dentro de la casa	
Ezequiel	44	18	18	wording variant	turbantes	tiaras
Ezequiel	44	18	18	wording variant	sobre	en
Ezequiel	44	18	18	wording variant	calzoncillos	panetes
Ezequiel	44	18	18	wording variant	sobre	en
Ezequiel	44	18	18	wording variant	cosa que los haga	para
Ezequiel	44	19	19	reorder/insert/delete		y
Ezequiel	44	19	19	wording variant	salgan	salieren
Ezequiel	44	19	19	wording variant	exterior	de afuera
Ezequiel	44	19	19	wording variant	quitaran las vestiduras	desnudaran de sus vestimentas
Ezequiel	44	19	19	wording variant	para	asi
Ezequiel	44	19	19	near-miss (typo)	santificar al	santificaran el
Ezequiel	44	19	19	wording variant	vestiduras	vestimentas
Ezequiel	44	20	20	reorder/insert/delete	se	
Ezequiel	44	20	20	wording variant	su	el
Ezequiel	44	20	20	wording variant	solamente	trasquilando sus cabezas
Ezequiel	44	21	21	reorder/insert/delete		y
Ezequiel	44	21	21	wording variant	haya	hubieren
Ezequiel	44	22	22	near-miss (typo)	tomara	se tomaran
Ezequiel	44	22	22	near-miss (typo)	mujer	mujeres
Ezequiel	44	22	22	near-miss (typo)	tomara virgen	tomaran virgenes
Ezequiel	44	24	24	reorder/insert/delete		y
Ezequiel	44	24	24	wording variant	los casos de	el
Ezequiel	44	24	24	wording variant	juicios	derechos lo
Ezequiel	44	24	24	wording variant	fiestas solemnes	solemnidades
Ezequiel	44	24	24	wording variant	dias de reposo a	sabados
Ezequiel	44	25	25	wording variant	no se acercaran	y
Ezequiel	44	25	25	reorder/insert/delete		no entrara
Ezequiel	44	25	25	wording variant	pero por	mas sobre
Ezequiel	44	25	25	reorder/insert/delete		o
Ezequiel	44	25	25	wording variant	si podran contaminarse	se contaminara
Ezequiel	44	27	27	near-miss (typo)	entre	entrare
Ezequiel	44	27	27	wording variant	interior	de adentro
Ezequiel	44	27	27	reorder/insert/delete	jehova	
Ezequiel	44	27	27	reorder/insert/delete		jehova
Ezequiel	44	28	28	wording variant	habra para	sera a
Ezequiel	44	28	28	reorder/insert/delete		por
Ezequiel	44	28	28	wording variant	pero	y
Ezequiel	44	29	29	wording variant	la ofrenda	el presente
Ezequiel	44	29	29	wording variant	consagrada	dedicada
Ezequiel	44	30	30	reorder/insert/delete	frutos	
Ezequiel	44	30	30	wording variant	presente	ofreciere
Ezequiel	44	30	30	reorder/insert/delete		dareis
Ezequiel	44	30	30	reorder/insert/delete	dareis al sacerdote	
Ezequiel	44	30	30	reorder/insert/delete		al sacerdote
Ezequiel	44	30	30	wording variant	repose	haga reposar
Ezequiel	45	1	1	reorder/insert/delete		y
Ezequiel	45	1	1	wording variant	repartais	partiereis
Ezequiel	45	1	1	wording variant	porcion	suerte
Ezequiel	45	1	1	near-miss (typo)	consagrareis	consagreis
Ezequiel	45	1	1	wording variant	territorio	termino
Ezequiel	45	2	2	near-miss (typo)	sera	seran
Ezequiel	45	2	2	reorder/insert/delete	canas	
Ezequiel	45	3	3	wording variant	ancho	anchura
Ezequiel	45	3	3	reorder/insert/delete	y	
Ezequiel	45	3	3	wording variant	lugar santisimo	santuario de santuarios
Ezequiel	45	4	4	wording variant	acercan	llegan
Ezequiel	45	4	4	wording variant	servira de	serales
Ezequiel	45	4	4	reorder/insert/delete	sus	
Ezequiel	45	4	4	wording variant	como recinto sagrado	lugar santo
Ezequiel	45	5	5	reorder/insert/delete	canas	
Ezequiel	45	5	5	wording variant	ancho	anchura
Ezequiel	45	5	5	wording variant	como	en
Ezequiel	45	5	5	reorder/insert/delete	para si	
Ezequiel	45	6	6	reorder/insert/delete		y
Ezequiel	45	6	6	wording variant	propiedad	la posesion
Ezequiel	45	6	6	wording variant	senalareis	dareis
Ezequiel	45	7	7	wording variant	estara	sera
Ezequiel	45	7	7	wording variant	a lo que se aparto para el	al apartamiento del
Ezequiel	45	7	7	wording variant	uno	la una parte
Ezequiel	45	7	7	wording variant	otro lado	de la otra
Ezequiel	45	7	7	wording variant	de lo que se aparto para el	del apartamiento del
Ezequiel	45	7	7	wording variant	extremo	rincon
Ezequiel	45	7	7	reorder/insert/delete		hacia el occidente
Ezequiel	45	7	7	wording variant	extremo	rincon
Ezequiel	45	7	7	reorder/insert/delete		hacia el oriente
Ezequiel	45	7	7	reorder/insert/delete		de la una parte a la otra
Ezequiel	45	7	7	wording variant	limite occidental	rincon del occidente
Ezequiel	45	7	7	wording variant	limite oriental	rincon del oriente
Ezequiel	45	8	8	wording variant	conforme a	por
Ezequiel	45	9	9	reorder/insert/delete	jehova	
Ezequiel	45	9	9	wording variant	basta ya	jehova basteos
Ezequiel	45	9	9	reorder/insert/delete	jehova	
Ezequiel	45	9	9	reorder/insert/delete		jehova
Ezequiel	45	10	10	wording variant	balanzas justas efa justo	peso de justicia y epha de justicia
Ezequiel	45	10	10	wording variant	justo	de justicia
Ezequiel	45	11	11	wording variant	efa	epha
Ezequiel	45	11	11	wording variant	efa	epha
Ezequiel	45	12	12	reorder/insert/delete		con
Ezequiel	45	12	12	reorder/insert/delete		y
Ezequiel	45	13	13	wording variant	efa por cada	epha de
Ezequiel	45	13	13	wording variant	efa por cada	epha de
Ezequiel	45	14	14	reorder/insert/delete		y
Ezequiel	45	14	14	wording variant	para el	del
Ezequiel	45	15	15	wording variant	del rebano	de la manada
Ezequiel	45	15	15	wording variant	engordadas	gruesas
Ezequiel	45	15	15	wording variant	ofrendas de paz	pacificos
Ezequiel	45	15	15	reorder/insert/delete	jehova	
Ezequiel	45	15	15	reorder/insert/delete		jehova
Ezequiel	45	16	16	wording variant	estara	sera
Ezequiel	45	16	16	reorder/insert/delete	dar	
Ezequiel	45	17	17	wording variant	al	del
Ezequiel	45	17	17	wording variant	correspondera	sera
Ezequiel	45	17	17	wording variant	fiestas solemnes	solemnidades y
Ezequiel	45	17	17	reorder/insert/delete		y
Ezequiel	45	17	17	wording variant	dias de reposo a	sabados
Ezequiel	45	17	17	wording variant	la ofrenda	y el presente y
Ezequiel	45	17	17	wording variant	las ofrendas de paz	los pacificos
Ezequiel	45	17	17	wording variant	hacer expiacion por	expiar
Ezequiel	45	18	18	reorder/insert/delete	jehova	
Ezequiel	45	18	18	reorder/insert/delete		jehova
Ezequiel	45	18	18	wording variant	el dia	al
Ezequiel	45	18	18	reorder/insert/delete	de la vacada	
Ezequiel	45	18	18	reorder/insert/delete		de la vacada
Ezequiel	45	18	18	wording variant	purificaras	expiaras
Ezequiel	45	19	19	wording variant	descanso	area
Ezequiel	45	19	19	wording variant	interior	de adentro
Ezequiel	45	20	20	reorder/insert/delete	dia	
Ezequiel	45	20	20	wording variant	para	por
Ezequiel	45	20	20	wording variant	que pecaron por error	errados
Ezequiel	45	20	20	wording variant	por engano	enganados
Ezequiel	45	20	20	wording variant	haras expiacion por	expiaras
Ezequiel	45	21	21	wording variant	se comera	comerase
Ezequiel	45	22	22	reorder/insert/delete		y
Ezequiel	45	22	22	reorder/insert/delete	mismo	
Ezequiel	45	23	23	wording variant	fiesta solemne ofrecera	solemnidad hara
Ezequiel	45	24	24	wording variant	ofrenda	presente
Ezequiel	45	24	24	wording variant	efa	epha
Ezequiel	45	24	24	wording variant	efa	epha
Ezequiel	45	24	24	wording variant	efa	epha
Ezequiel	45	25	25	reorder/insert/delete	dias	
Ezequiel	45	25	25	reorder/insert/delete	en	
Ezequiel	45	25	25	wording variant	en	y
Ezequiel	45	25	25	wording variant	en	y
Ezequiel	45	25	25	reorder/insert/delete	en	
Ezequiel	46	1	1	reorder/insert/delete	jehova	
Ezequiel	46	1	1	reorder/insert/delete		jehova
Ezequiel	46	1	1	wording variant	interior	de adentro
Ezequiel	46	1	1	wording variant	de reposo	del sabado
Ezequiel	46	1	1	wording variant	se abrira	abrirase
Ezequiel	46	1	1	reorder/insert/delete		nueva
Ezequiel	46	1	1	reorder/insert/delete	nueva	
Ezequiel	46	2	2	wording variant	exterior	de afuera
Ezequiel	46	2	2	reorder/insert/delete	en pie junto	
Ezequiel	46	2	2	wording variant	ofrezcan	haran
Ezequiel	46	2	2	wording variant	ofrendas de paz	pacificos
Ezequiel	46	2	2	reorder/insert/delete	junto	
Ezequiel	46	2	2	wording variant	pero	mas
Ezequiel	46	3	3	wording variant	dias de reposo	sabados
Ezequiel	46	3	3	reorder/insert/delete		nuevas
Ezequiel	46	3	3	reorder/insert/delete	nuevas	
Ezequiel	46	4	4	reorder/insert/delete		y
Ezequiel	46	4	4	reorder/insert/delete	en	
Ezequiel	46	4	4	wording variant	de reposo	del sabado
Ezequiel	46	5	5	wording variant	ofrenda	presente
Ezequiel	46	5	5	wording variant	efa	epha
Ezequiel	46	5	5	wording variant	una ofrenda conforme a sus posibilidades	un presente don de su mano
Ezequiel	46	5	5	wording variant	efa	epha
Ezequiel	46	6	6	reorder/insert/delete		nueva
Ezequiel	46	6	6	reorder/insert/delete	nueva	
Ezequiel	46	6	6	reorder/insert/delete		y
Ezequiel	46	7	7	wording variant	ofrenda	presente
Ezequiel	46	7	7	wording variant	efa	epha
Ezequiel	46	7	7	wording variant	efa	epha
Ezequiel	46	7	7	wording variant	pero	mas
Ezequiel	46	7	7	wording variant	sus posibilidades	su facultad
Ezequiel	46	7	7	wording variant	efa	epha
Ezequiel	46	9	9	wording variant	sur	mediodia
Ezequiel	46	9	9	wording variant	sur	mediodia
Ezequiel	46	10	10	reorder/insert/delete		el
Ezequiel	46	11	11	wording variant	asambleas solemnes	solemnidades
Ezequiel	46	11	11	wording variant	la ofrenda	el presente
Ezequiel	46	11	11	wording variant	efa	epha
Ezequiel	46	11	11	wording variant	efa	epha
Ezequiel	46	11	11	wording variant	conforme a sus posibilidades	lo que le pareciere
Ezequiel	46	11	11	wording variant	efa	epha
Ezequiel	46	12	12	wording variant	u ofrendas de paz	o pacificos
Ezequiel	46	12	12	wording variant	le abriran	abriranle
Ezequiel	46	12	12	wording variant	ofrendas de paz	pacificos
Ezequiel	46	12	12	wording variant	de reposo d	del sabado
Ezequiel	46	13	13	wording variant	ofreceras en sacrificio	sacrificaras
Ezequiel	46	14	14	wording variant	ofrenda	presente
Ezequiel	46	14	14	wording variant	efa	epha
Ezequiel	46	14	14	wording variant	ofrenda	presente
Ezequiel	46	15	15	wording variant	la ofrenda	el presente
Ezequiel	46	16	16	reorder/insert/delete	jehova	
Ezequiel	46	16	16	reorder/insert/delete		jehova
Ezequiel	46	16	16	wording variant	parte	algun don
Ezequiel	46	16	16	reorder/insert/delete		alguno de
Ezequiel	46	17	17	wording variant	parte	don
Ezequiel	46	17	17	wording variant	del jubileo	de libertad
Ezequiel	46	18	18	wording variant	para	por
Ezequiel	46	18	18	wording variant	a fin de	para
Ezequiel	46	18	18	reorder/insert/delete	ninguno de	
Ezequiel	46	18	18	reorder/insert/delete		no
Ezequiel	46	18	18	reorder/insert/delete		cada uno
Ezequiel	46	19	19	wording variant	me trajo	metiome
Ezequiel	46	19	19	reorder/insert/delete	vi que	
Ezequiel	46	19	19	wording variant	en el fondo	a los lados
Ezequiel	46	19	19	reorder/insert/delete	lado de	
Ezequiel	46	20	20	wording variant	me dijo	dijome
Ezequiel	46	20	20	wording variant	la ofrenda	el sacrificio
Ezequiel	46	20	20	wording variant	la ofrenda para	el presente por
Ezequiel	46	20	20	near-miss (typo)	sacarla	sacarlo
Ezequiel	46	20	20	wording variant	exterior santificando asi	de afuera para santificar
Ezequiel	46	21	21	reorder/insert/delete	y	
Ezequiel	46	21	21	wording variant	exterior	de afuera
Ezequiel	46	21	21	wording variant	me llevo	llevome
Ezequiel	46	22	22	wording variant	cercados	juntos
Ezequiel	46	22	22	wording variant	ancho	anchura tenian
Ezequiel	46	22	22	wording variant	tenian	todos cuatro a
Ezequiel	46	22	22	wording variant	cuatro	rincones
Ezequiel	46	23	23	wording variant	los	todos
Ezequiel	46	23	23	reorder/insert/delete		chimeneas hechas
Ezequiel	46	23	23	reorder/insert/delete	fogones	
Ezequiel	46	24	24	wording variant	me dijo estas	dijome estos
Ezequiel	46	24	24	wording variant	las cocinas	los aposentos de los cocineros
Ezequiel	46	24	24	wording variant	la ofrenda	el sacrificio
Ezequiel	47	1	1	wording variant	me hizo volver	hizome tornar
Ezequiel	47	1	1	wording variant	sur	mediodia
Ezequiel	47	2	2	wording variant	me saco	sacome
Ezequiel	47	2	2	wording variant	y me hizo dar la vuelta	e hizome rodear
Ezequiel	47	2	2	reorder/insert/delete	exterior	
Ezequiel	47	2	2	reorder/insert/delete		por de fuera
Ezequiel	47	2	2	wording variant	vi que	he aqui
Ezequiel	47	2	2	reorder/insert/delete		que
Ezequiel	47	2	2	wording variant	del	al
Ezequiel	47	3	3	wording variant	salio	saliendo
Ezequiel	47	3	3	wording variant	llevando	tenia
Ezequiel	47	3	3	wording variant	y me hizo	e hizome
Ezequiel	47	4	4	reorder/insert/delete		y
Ezequiel	47	4	4	wording variant	y me hizo	e hizome
Ezequiel	47	4	4	wording variant	y me hizo	e hizome
Ezequiel	47	5	5	reorder/insert/delete		y
Ezequiel	47	5	5	wording variant	y era	e iba
Ezequiel	47	5	5	wording variant	un rio	el arroyo
Ezequiel	47	5	5	reorder/insert/delete		se
Ezequiel	47	5	5	wording variant	crecido de manera que	alzado y
Ezequiel	47	5	5	wording variant	rio	arroyo
Ezequiel	47	6	6	wording variant	me dijo	dijome
Ezequiel	47	6	6	near-miss (typo)	de	del
Ezequiel	47	6	6	wording variant	y me hizo volver	e hizome tornar
Ezequiel	47	6	6	wording variant	rio	arroyo
Ezequiel	47	7	7	wording variant	volviendo	tornando
Ezequiel	47	7	7	wording variant	vi que	he aqui
Ezequiel	47	7	7	wording variant	rio	arroyo
Ezequiel	47	7	7	reorder/insert/delete	muchisimos	
Ezequiel	47	7	7	wording variant	a uno	muy muchos de la una parte
Ezequiel	47	7	7	wording variant	otro lado	de la otra
Ezequiel	47	8	8	wording variant	me dijo	dijome
Ezequiel	47	8	8	wording variant	al araba	a la llanura
Ezequiel	47	8	8	wording variant	el	la
Ezequiel	47	8	8	wording variant	el	la
Ezequiel	47	9	9	reorder/insert/delete		sera que
Ezequiel	47	9	9	near-miss (typo)	dondequiera	donde quiera
Ezequiel	47	9	9	wording variant	rios	arroyos
Ezequiel	47	9	9	wording variant	muchisimos	muy muchos
Ezequiel	47	9	9	wording variant	rio	arroyo
Ezequiel	47	10	10	reorder/insert/delete		sera que
Ezequiel	47	10	10	reorder/insert/delete	los	
Ezequiel	47	10	10	reorder/insert/delete	su	
Ezequiel	47	10	10	wording variant	y por sus especies seran los peces tan numerosos	en su clase sera su pescado
Ezequiel	47	10	10	wording variant	los peces del	el pescado de la gran
Ezequiel	47	10	10	wording variant	grande	mucho en gran manera
Ezequiel	47	11	11	wording variant	pantanos	charcos
Ezequiel	47	11	11	near-miss (typo)	sanearan	sanaran
Ezequiel	47	12	12	wording variant	rio	arroyo
Ezequiel	47	12	12	wording variant	la	su
Ezequiel	47	12	12	wording variant	a uno	de una parte
Ezequiel	47	12	12	wording variant	otro lado	de otra
Ezequiel	47	12	12	wording variant	toda clase	todo arbol
Ezequiel	47	12	12	wording variant	arboles frutales sus hojas	comer su hoja
Ezequiel	47	12	12	near-miss (typo)	caeran	caera
Ezequiel	47	12	12	wording variant	su tiempo	sus meses
Ezequiel	47	13	13	reorder/insert/delete	jehova	
Ezequiel	47	13	13	wording variant	estos son los limites	jehova este es el termino
Ezequiel	47	13	13	near-miss (typo)	repartireis	partireis
Ezequiel	47	13	13	wording variant	por	en
Ezequiel	47	13	13	reorder/insert/delete	tendra	
Ezequiel	47	14	14	reorder/insert/delete	jurando	
Ezequiel	47	14	14	reorder/insert/delete	sera la	
Ezequiel	47	14	14	wording variant	de vuestra	os caera en
Ezequiel	47	15	15	wording variant	limite	termino
Ezequiel	47	15	15	wording variant	el lado	la parte
Ezequiel	47	15	15	wording variant	el	la gran
Ezequiel	47	15	15	reorder/insert/delete	grande	
Ezequiel	47	15	15	near-miss (typo)	hetlon	hethlon
Ezequiel	47	15	15	near-miss (typo)	zedad	sedad
Ezequiel	47	16	16	near-miss (typo)	hamat berota sibraim	hamath berotha sibrahim
Ezequiel	47	16	16	wording variant	limite	termino
Ezequiel	47	16	16	wording variant	limite	termino
Ezequiel	47	16	16	near-miss (typo)	hamat hazar haticon	hamath haser hatticon
Ezequiel	47	16	16	wording variant	limite	termino
Ezequiel	47	17	17	wording variant	limite	termino
Ezequiel	47	17	17	wording variant	el	la
Ezequiel	47	17	17	wording variant	hasta hazar enan en el limite	de haser enon al termino
Ezequiel	47	17	17	wording variant	limite	termino
Ezequiel	47	17	17	near-miss (typo)	hamat	hamath
Ezequiel	47	18	18	wording variant	del	al
Ezequiel	47	18	18	wording variant	en	por
Ezequiel	47	18	18	wording variant	limite	termino
Ezequiel	47	18	18	wording variant	el	la
Ezequiel	47	18	18	wording variant	oriental	del oriente
Ezequiel	47	19	19	reorder/insert/delete		y al lado
Ezequiel	47	19	19	wording variant	lado meridional	mediodia
Ezequiel	47	19	19	wording variant	sur	mediodia
Ezequiel	47	19	19	wording variant	el	la gran
Ezequiel	47	19	19	reorder/insert/delete	grande	
Ezequiel	47	19	19	wording variant	meridional	austral
Ezequiel	47	19	19	wording variant	sur	mediodia
Ezequiel	47	20	20	wording variant	del	y al
Ezequiel	47	20	20	wording variant	el	la gran
Ezequiel	47	20	20	reorder/insert/delete	grande	
Ezequiel	47	20	20	wording variant	limite	termino
Ezequiel	47	20	20	wording variant	enfrente de la entrada de hamat	en derecho para venir a hamath
Ezequiel	47	20	20	wording variant	occidental	del occidente
Ezequiel	47	21	21	near-miss (typo)	repartireis	partireis
Ezequiel	47	21	21	wording variant	segun	por
Ezequiel	47	22	22	reorder/insert/delete		sera que
Ezequiel	47	22	22	wording variant	heredad	herencia
Ezequiel	47	22	22	wording variant	moran	peregrinan
Ezequiel	47	22	22	wording variant	tener heredad	heredarse
Ezequiel	47	23	23	reorder/insert/delete		y sera que
Ezequiel	47	23	23	wording variant	morare	peregrinare
Ezequiel	47	23	23	reorder/insert/delete	jehova	
Ezequiel	47	23	23	reorder/insert/delete		jehova
Ezequiel	48	1	1	reorder/insert/delete		y
Ezequiel	48	1	1	wording variant	el extremo norte	la extremidad septentrional
Ezequiel	48	1	1	near-miss (typo)	hetlon	hethlon
Ezequiel	48	1	1	wording variant	hamat hazar enan en los confines	hamath haser enon al termino
Ezequiel	48	1	1	wording variant	hacia hamat	al termino de hamath
Ezequiel	48	1	1	wording variant	desde el lado oriental hasta el occidental	siendo sus extremidades al oriente y al occidente
Ezequiel	48	2	2	reorder/insert/delete		y
Ezequiel	48	2	2	wording variant	a la frontera	al termino
Ezequiel	48	2	2	wording variant	el lado	la parte
Ezequiel	48	2	2	wording variant	el lado del	la parte de la
Ezequiel	48	2	2	reorder/insert/delete	tendra	
Ezequiel	48	3	3	reorder/insert/delete		y
Ezequiel	48	3	3	wording variant	limite	termino
Ezequiel	48	3	3	wording variant	del oriente	oriental
Ezequiel	48	3	3	wording variant	el lado del	la parte de la
Ezequiel	48	3	3	near-miss (typo)	neftali	nephtali
Ezequiel	48	4	4	reorder/insert/delete		y
Ezequiel	48	4	4	wording variant	limite	termino
Ezequiel	48	4	4	near-miss (typo)	neftali	nephtali
Ezequiel	48	4	4	wording variant	el lado	la parte
Ezequiel	48	4	4	wording variant	el lado del	la parte de la
Ezequiel	48	5	5	reorder/insert/delete		y
Ezequiel	48	5	5	wording variant	limite	termino
Ezequiel	48	5	5	wording variant	el lado	la parte
Ezequiel	48	5	5	wording variant	el lado del	la parte de la
Ezequiel	48	5	5	wording variant	efrain	ephraim
Ezequiel	48	6	6	reorder/insert/delete		y
Ezequiel	48	6	6	wording variant	limite	termino
Ezequiel	48	6	6	wording variant	efrain	ephraim
Ezequiel	48	6	6	wording variant	el lado	la parte
Ezequiel	48	6	6	wording variant	el lado del	la parte de la
Ezequiel	48	7	7	reorder/insert/delete		y
Ezequiel	48	7	7	wording variant	limite	termino
Ezequiel	48	7	7	wording variant	el lado	la parte
Ezequiel	48	7	7	wording variant	el lado del	la parte de la
Ezequiel	48	8	8	reorder/insert/delete		y
Ezequiel	48	8	8	wording variant	limite	termino
Ezequiel	48	8	8	wording variant	el lado	la parte
Ezequiel	48	8	8	wording variant	el lado del	la parte de la
Ezequiel	48	8	8	wording variant	estara	sera
Ezequiel	48	8	8	wording variant	porcion	suerte
Ezequiel	48	8	8	wording variant	reservareis	apartareis
Ezequiel	48	8	8	reorder/insert/delete	esto	
Ezequiel	48	8	8	reorder/insert/delete		a saber
Ezequiel	48	8	8	wording variant	el lado	la parte
Ezequiel	48	8	8	wording variant	el lado del	la parte de la
Ezequiel	48	9	9	wording variant	porcion	suerte
Ezequiel	48	9	9	wording variant	reservareis	apartareis
Ezequiel	48	9	9	wording variant	tendra	sera
Ezequiel	48	9	9	reorder/insert/delete		de
Ezequiel	48	9	9	reorder/insert/delete		de
Ezequiel	48	10	10	reorder/insert/delete		y alli sera
Ezequiel	48	10	10	wording variant	porcion	suerte
Ezequiel	48	10	10	wording variant	que pertenecera a	de
Ezequiel	48	10	10	reorder/insert/delete	sera	
Ezequiel	48	10	10	wording variant	sur	mediodia
Ezequiel	48	11	11	reorder/insert/delete	me	
Ezequiel	48	11	11	wording variant	fidelidad	mi observancia
Ezequiel	48	12	12	wording variant	como parte santisima	por suerte apartada en
Ezequiel	48	12	12	wording variant	porcion	particion
Ezequiel	48	12	12	wording variant	reservada	la parte santisima
Ezequiel	48	12	12	wording variant	limite de la	termino
Ezequiel	48	13	13	wording variant	de los limites de la	del termino
Ezequiel	48	14	14	reorder/insert/delete	nada	
Ezequiel	48	14	14	reorder/insert/delete	lo	
Ezequiel	48	16	16	reorder/insert/delete		y
Ezequiel	48	16	16	wording variant	al lado	a la parte
Ezequiel	48	16	16	reorder/insert/delete		y
Ezequiel	48	16	16	wording variant	al lado	y a la parte
Ezequiel	48	16	16	wording variant	sur	mediodia
Ezequiel	48	16	16	reorder/insert/delete		y
Ezequiel	48	16	16	wording variant	al lado	y a la parte
Ezequiel	48	16	16	reorder/insert/delete		y
Ezequiel	48	16	16	wording variant	al lado	a la parte
Ezequiel	48	16	16	reorder/insert/delete		y
Ezequiel	48	17	17	reorder/insert/delete		y
Ezequiel	48	17	17	reorder/insert/delete		y
Ezequiel	48	17	17	wording variant	sur	mediodia
Ezequiel	48	17	17	reorder/insert/delete		y
Ezequiel	48	17	17	reorder/insert/delete		y
Ezequiel	48	17	17	reorder/insert/delete		y
Ezequiel	48	17	17	reorder/insert/delete		y
Ezequiel	48	18	18	wording variant	porcion	suerte
Ezequiel	48	18	18	wording variant	porcion	suerte
Ezequiel	48	19	19	wording variant	sirvan	serviran
Ezequiel	48	20	20	wording variant	toda la porcion reservada	todo el apartado
Ezequiel	48	20	20	wording variant	reservareis como porcion	apartareis por suerte
Ezequiel	48	21	21	reorder/insert/delete	a uno y otro lado	
Ezequiel	48	21	21	wording variant	porcion	una parte y de la otra de la suerte
Ezequiel	48	21	21	reorder/insert/delete	esto	
Ezequiel	48	21	21	reorder/insert/delete		a saber
Ezequiel	48	21	21	wording variant	porcion	suerte
Ezequiel	48	21	21	wording variant	limite	termino
Ezequiel	48	21	21	wording variant	limite	termino
Ezequiel	48	21	21	wording variant	porcion	y suerte
Ezequiel	48	22	22	wording variant	de este modo la parte del principe sera la comprendida	y
Ezequiel	48	22	22	wording variant	porcion	posesion
Ezequiel	48	22	22	reorder/insert/delete		desde
Ezequiel	48	22	22	wording variant	porcion	posesion
Ezequiel	48	22	22	reorder/insert/delete		en medio estara lo que pertenecera al principe
Ezequiel	48	22	22	wording variant	limite	termino
Ezequiel	48	22	22	wording variant	limite	termino
Ezequiel	48	22	22	reorder/insert/delete		estara la suerte del principe
Ezequiel	48	23	23	reorder/insert/delete	en	
Ezequiel	48	23	23	wording variant	el lado	la parte
Ezequiel	48	23	23	wording variant	el lado del	la parte de la
Ezequiel	48	23	23	wording variant	porcion	parte
Ezequiel	48	24	24	reorder/insert/delete		y
Ezequiel	48	24	24	wording variant	limite	termino
Ezequiel	48	24	24	wording variant	el lado	la parte
Ezequiel	48	24	24	wording variant	el lado del	la parte de la
Ezequiel	48	25	25	reorder/insert/delete		y
Ezequiel	48	25	25	wording variant	limite	termino
Ezequiel	48	25	25	wording variant	el lado	la parte
Ezequiel	48	25	25	wording variant	el lado del	la parte de la
Ezequiel	48	25	25	near-miss (typo)	isacar	issachar
Ezequiel	48	26	26	reorder/insert/delete		y
Ezequiel	48	26	26	wording variant	limite	termino
Ezequiel	48	26	26	near-miss (typo)	isacar	issachar
Ezequiel	48	26	26	wording variant	el lado	la parte
Ezequiel	48	26	26	wording variant	el lado del	la parte de la
Ezequiel	48	27	27	reorder/insert/delete		y
Ezequiel	48	27	27	wording variant	limite	termino
Ezequiel	48	27	27	wording variant	el lado	la parte
Ezequiel	48	27	27	wording variant	el lado del	la parte de la
Ezequiel	48	28	28	reorder/insert/delete		y
Ezequiel	48	28	28	wording variant	limite	termino
Ezequiel	48	28	28	reorder/insert/delete		a la parte del austro
Ezequiel	48	28	28	wording variant	lado meridional al sur	mediodia
Ezequiel	48	28	28	wording variant	limite	termino
Ezequiel	48	28	28	wording variant	el	la gran
Ezequiel	48	28	28	reorder/insert/delete	grande	
Ezequiel	48	29	29	near-miss (typo)	repartireis	partireis
Ezequiel	48	29	29	reorder/insert/delete	jehova	
Ezequiel	48	29	29	reorder/insert/delete		jehova
Ezequiel	48	30	30	wording variant	al lado	a la parte
Ezequiel	48	30	30	reorder/insert/delete		y
Ezequiel	48	32	32	wording variant	al lado oriental	y a la parte del oriente
Ezequiel	48	32	32	reorder/insert/delete		y
Ezequiel	48	33	33	wording variant	al lado	y a la parte
Ezequiel	48	33	33	wording variant	sur	mediodia
Ezequiel	48	33	33	reorder/insert/delete		y
Ezequiel	48	33	33	near-miss (typo)	isacar	issachar
Ezequiel	48	34	34	wording variant	al lado occidental	a la parte del occidente
Ezequiel	48	34	34	reorder/insert/delete		y
Ezequiel	48	34	34	near-miss (typo)	neftali	nephtali
Ezequiel	48	35	35	near-miss (typo)	sama	shamma
Daniel	2	3	3	near-miss (typo)	el	del
Daniel	2	30	30	near-miss (typo)	entiendieses	entendieses
Oseas	2	1	1	reorder/insert/delete		a
Oseas	9	2	2	near-miss (typo)	mantedran	mantendran
Oseas	9	4	4	near-miss (typo)	le	les
Oseas	11	12	12	reorder/insert/delete	cercome ephraim con mentira y la casa de israel con engano mas juda aun domina con dios y es fiel con los santos	
Oseas	12		1	DIGITAL-ONLY		
Oseas	12	13	14	reorder/insert/delete		enojado ha ephraim a dios con amarguras por tanto sus sangres se derramaran sobre el y su senor le pagara su oprobio
Oseas	12	14		PDF-ONLY		
Oseas	13	16	16	near-miss (typo)	su	sus
Joel	1	3	3	near-miss (typo)	su	sus
Joel	2	1	1	near-miss (typo)	pregondad	pregonad
Amós	3	8	8	near-miss (typo)	porfetizara	profetizara
Jonás	1	17	17	reorder/insert/delete	mas jehova habia prevenido un gran pez que tragase a jonas y estuvo jonas en el vientre del pez tres dias y tres noches	
Jonás	2		1	DIGITAL-ONLY		
Jonás	2	9	10	reorder/insert/delete		y mando jehova al pez y vomito a jonas en tierra
Jonás	2	10		PDF-ONLY		
Habacuc	1	9	9	reorder/insert/delete	su	
Habacuc	3	19	19	reorder/insert/delete		al jefe de los cantores sobre mis instrumentos de cuerdas
Sofonías	1	11	11	near-miss (typo)	talado	talados
Zacarías	4	10	10	near-miss (typo)	alergraran	alegraran
Zacarías	4	11	11	near-miss (typo)	izquieda	izquierda
Zacarías	6	2	2	reorder/insert/delete		en
Zacarías	7	1	1	reorder/insert/delete		y
Zacarías	9	15	15	near-miss (typo)	estrepido	estrepito
Zacarías	14	18	18	near-miss (typo)	vinere	viniere
Zacarías	14	19	19	near-miss (typo)	subieran	subieren
Malaquías	1	13	13	near-miss (typo)	vuesta	vuestra
San Mateo	6	19	19	near-miss (typo) | Gutenberg:DIGITAL	ladronas	ladrones
Marcos	2	8	8	reorder/insert/delete		mismos
Marcos	2	13	13	near-miss (typo)	al	a la
Marcos	2	13	13	wording variant	les	los
Marcos	2	17	17	wording variant	sino	mas
Marcos	2	17	17	wording variant	mas	sino
Marcos	2	20	20	reorder/insert/delete	de ellos	
Marcos	2	21	21	wording variant | Gutenberg:PDF	nuevo	recio
Marcos	2	26	26	near-miss (typo)	abiatar	abiathar
Marcos	7	11	11	reorder/insert/delete	a	
Marcos	13	37	37	wording variant	dijo	digo
Marcos	14	25	25	near-miss (typo) | Gutenberg:DIGITAL	cundo	cuando
Marcos	14	58	58	near-miss (typo)	hecho	echo
San Lucas	3	26	26	near-miss (typo)	matthathias	mattathias
San Lucas	11	42	42	near-miss (typo)	hortliza	hortaliza
San Lucas	20	31	31	near-miss (typo) | Gutenberg:DIGITAL	muerieron	murieron
San Lucas	23	3	3	near-miss (typo)	respondiendo	respondiendole
Juan	4	23	23	reorder/insert/delete		le
Juan	16	2	2	wording variant	los	las
Juan	21	2	2	wording variant	al	el
Hechos	5	30	30	wording variant	de	en
Hechos	7	32	32	reorder/insert/delete	y	
Hechos	7	32	32	reorder/insert/delete		y
Hechos	8	10	10	wording variant	el	al
Hechos	9	5	5	near-miss (typo)	coses	coces
Hechos	11	20	20	near-miss (typo)	cirenences	cirenenses
Hechos	17	22	22	near-miss (typo)	superticiosos	supersticiosos
Hechos	19	35	35	near-miss (typo)	grande	gran
Hechos	19	40	40	reorder/insert/delete		y habiendo dicho esto despidio la concurrencia
Hechos	19	41	41	reorder/insert/delete	y habiendo dicho esto despidio la concurrencia	
Hechos	20	16	16	near-miss (typo)	deternerse	detenerse
Hechos	21	25	25	wording variant	fue	fuere
Hechos	26	9	9	near-miss (typo) | Gutenberg:PDF	pensando	pensado
Hechos	27	1	1	reorder/insert/delete		a
Romanos	1	13	13	near-miss (typo) | Gutenberg:DIGITAL	ingnoreis	ignoreis
Romanos	2	24	24	near-miss (typo) | Gutenberg:DIGITAL	esctrito	escrito
Romanos	3	23	23	near-miss (typo) | Gutenberg:PDF	distituidos	destituidos
Romanos	4	2	2	near-miss (typo)	las	la
Romanos	6	13	13	near-miss (typo) | Gutenberg:DIGITAL	instrumento	instrumentos
Romanos	6	17	17	near-miss (typo) | Gutenberg:DIGITAL	fuistes	fuisteis
Romanos	7	20	20	reorder/insert/delete		lo
Romanos	7	20	20	wording variant	mal	pecado
Romanos	15	15	15	near-miss (typo) | Gutenberg:DIGITAL	amonestadoos	amonestandoos
Romanos	16	27	27	reorder/insert/delete		fue escrita de corinto a los romanos enviada por medio de febe diaconisa de la iglesia de cencreas
1 Corintios	3	22	22	near-miss (typo)	lo	los
1 Corintios	7	16	16	near-miss (typo) | Gutenberg:DIGITAL	salva	salvo
1 Corintios	7	16	16	near-miss (typo) | Gutenberg:PDF	salvo	salva
1 Corintios	14	4	4	near-miss (typo)	porfetiza	profetiza
1 Corintios	16	24	24	reorder/insert/delete		la primera a los corintios fue enviada de filipos con estefanas y fortunato y achaico y timoteo
2 Corintios	6	1	1	reorder/insert/delete	porque dice	
2 Corintios	6	2	2	reorder/insert/delete		porque dice
2 Corintios	13	12	12	reorder/insert/delete		todos los santos os saludan
2 Corintios	13	13	13	reorder/insert/delete		la gracia del senor jesucristo y el amor de dios y la participacion del espiritu santo sea con vosotros
2 Corintios	13	13	13	reorder/insert/delete		amen la segunda epistola a
2 Corintios	13	13	13	wording variant | Gutenberg:PDF	santos os saludan	corintios fue enviada de filipos de macedonia con tito y lucas
2 Corintios	13	14	14	reorder/insert/delete	la gracia del senor jesucristo y el amor de dios y la participacion del espiritu santo sea con vosotros todos amen	
Gálatas	1	18	18	near-miss (typo) | Gutenberg:DIGITAL	depues	despues
Gálatas	5	11	11	near-miss (typo) | Gutenberg:DIGITAL	pesecucion	persecucion
Gálatas	6	18	18	reorder/insert/delete		enviada de roma a los galatas
Efesios	4	23	23	near-miss (typo)	renovarnos	renovaros
Efesios	6	24	24	reorder/insert/delete		escrita de roma a los efesios por tichico
Filipenses	4	23	23	reorder/insert/delete		escrita de roma con epafrodito
Colosenses	2	8	8	near-miss (typo)	sustilezas	sutilezas
1 Tesalonicenses	5	28	28	reorder/insert/delete		la primera epistola a los tesalonicenses fue escrita de atenas
2 Tesalonicenses	3	18	18	reorder/insert/delete		la segunda epistola a los tesalonicenses fue escrita de atenas
1 Timoteo	5	13	13	near-miss (typo)	acostrumbran	acostumbran
1 Timoteo	6	21	21	reorder/insert/delete		la primera epistola a timoteo fue escrita de laodicea que es metropoli de la frigia pacatiana
2 Timoteo	1	13	13	reorder/insert/delete		que
2 Timoteo	2	21	21	wording variant	toda	todo
2 Timoteo	4	3	3	near-miss (typo)	amotonaran	amontonaran
2 Timoteo	4	22	22	reorder/insert/delete		la segunda epistola a timoteo el cual fue el primer obispo ordenado en efeso fue escrita de roma cuando pablo fue presentado la segunda vez a cesar neron
Tito	3	15	15	reorder/insert/delete		a tito el cual fue el primer obispo ordenado a la iglesia de los cretenses escrita de nicopolis de macedonia
Filemón	1	25	25	reorder/insert/delete		a filemon fue enviada de roma por onesimo siervo
Hebreos	7	26	26	wording variant	de	que
Hebreos	8	5	5	near-miss (typo)	sombre	sombra
Hebreos	8	11	11	near-miss (typo) | Gutenberg:DIGITAL	enesenara	ensenara
Hebreos	12	27	27	reorder/insert/delete		hechas para que queden las cosas
Hebreos	12	28	28	wording variant | Gutenberg:PDF	vamos	retengamos la gracia por la cual sirvamos
Hebreos	13	25	25	reorder/insert/delete		fue escrita a los hebreos desde italia con timoteo
Santiago	2	4	4	near-miss (typo) | Gutenberg:DIGITAL	juzguais	juzgais
Santiago	4	2	2	near-miss (typo)	gerreais	guerreais
1 Pedro	1	22	22	near-miss (typo) | Gutenberg:DIGITAL	vuestras	vuestra
1 Pedro	2	5	5	near-miss (typo) | Gutenberg:DIGITAL	espitirual	espiritual
1 Pedro	3	11	11	near-miss (typo)	apartese	apartase
1 Pedro	5	1	1	near-miss (typo)	afliciciones	aflicciones
1 Pedro	5	10	10	near-miss (typo)	cofirme	confirme
1 Juan	5	6	6	near-miss (typo) | Gutenberg:DIGITAL	espirtiu	espiritu
Apocalipsis	6	1	1	reorder/insert/delete		de
Apocalipsis	22	2	2	reorder/insert/delete		la
